scenario,active_vessels,gear_loss_items_per_vessel_year,aldfg_items_per_year,total_tier1_loss_min_thb,total_tier1_loss_mean_thb,total_tier1_loss_max_thb
High,50000,100,5000000,25660066.006600656,33190594.059405938,38778877.88778877
Low,10000,25,250000,1283003.3003300328,1659529.7029702968,1938943.8943894387
Medium,25000,50,1250000,6415016.501650164,8297648.514851484,9694719.471947193
