scenario,active_vessels,gear_loss_items_per_vessel_year,aldfg_items_per_year,p_entanglement_per_gear,expected_value_per_gear_min_thb,expected_value_per_gear_mean_thb,expected_value_per_gear_max_thb,total_tier1_loss_min_thb,total_tier1_loss_mean_thb,total_tier1_loss_max_thb
High,50000,100,5000000,0.0594059405940594,5.132013201320131,6.638118811881188,7.755775577557754,25660066.006600656,33190594.059405938,38778877.88778877
Low,10000,25,250000,0.0594059405940594,5.132013201320131,6.638118811881188,7.755775577557754,1283003.3003300328,1659529.7029702968,1938943.8943894387
Medium,25000,50,1250000,0.0594059405940594,5.132013201320131,6.638118811881188,7.755775577557754,6415016.501650164,8297648.514851484,9694719.471947193
